{"states_visited": 999936, "_timestamp": 1716182414.253757, "_runtime": 3886.3817389011383, "_step": 3905, "loss": 0.0269786287099123, "l1_dist": 2.148900193787995e-06, "kl_dist": 0.2063809633255005, "_wandb": {"runtime": 3885}}