{"states_visited": 999936, "_timestamp": 1716180142.014024, "_runtime": 3590.3724839687347, "_step": 3905, "loss": 0.009559748694300652, "l1_dist": 1.8914180373030831e-06, "kl_dist": 0.1763792783021927, "_wandb": {"runtime": 3589}}