{"states_visited": 999936, "_timestamp": 1716295411.3889048, "_runtime": 3823.022962808609, "_step": 3905, "loss": 0.034401290118694305, "l1_dist": 2.2341960175253917e-06, "kl_dist": 0.21336084604263306, "_wandb": {"runtime": 3822}}